F45618945B30	p1	961x1458	-	lum 90
1611EC2B9DE9	p1	1500x1097	-	lum 49
211E1130961E	p1	2000x1400	smask	lum 75
DA0CD79CEE8D	p2	1207x1238	-	lum 23
21CE1E3673F4	p2	1348x843	-	lum 76
65E1D7D4989F	p2	1080x675	smask	lum 70
781500FE6444	p3	1000x1415	smask	lum 80
DD644DE68EF5	p3	375x349	smask	lum 22
AC3ED57D3342	p3	232x328	-	lum 85
8053FCB7450E	p3	374x393	-	lum 150
D49B89BBEBA6	p3	309x206	smask	lum 113
0BAD32653F1D	p3	289x196	-	lum 53
A26A1D766E6F	p3	355x178	-	lum 87
953627A6ABAD	p3	340x170	smask	lum 193
31383E202D73	p3	230x293	smask	lum 113
0800AFC3326B	p4	868x1227	-	lum 179
9026FA6D7EC5	p4	772x444	-	lum 86
028E844F2F86	p5	1240x1754	-	lum 55
A891BE2AF454	p6	4529x1552	-	lum 39
F512BD724291	p6	942x1219	-	lum 62
DB38C03D0AC3	p6	2000x1733	smask	lum 30
E7A7A3BB127B	p6	1446x2088	smask	lum 102
C704F5520362	p6	1500x750	-	lum 81
0A116CBAD7B3	p7	1500x750	-	lum 84
60EFF30DB7A9	p9	1226x858	smask	lum 112
7147CCDC4BC6	p10	1000x750	smask	lum 59
4BF3B8A4A6A5	p11	1500x750	-	lum 66
38B0E3C5454E	p11	576x480	smask	lum 85
B70F4C76154D	p11	549x368	smask	lum 61
E7C6B8CEF642	p11	885x714	smask	lum 67
359A59AF6015	p12	942x530	-	lum 50
E9CAAAD3DDDA	p12	991x521	smask	lum 115
7041EF4B9E7C	p12	1500x1000	smask	lum 114
A989EA9593B6	p12	744x1053	-	lum 39
309A6B0CB059	p13	1000x1415	-	lum 111
EB420205ACAB	p14	1060x1060	-	lum 10
855116899074	p14	924x1332	smask	lum 125
9D3240DF8029	p14	1247x873	smask	lum 132
CB01CD48310C	p15	861x1237	smask	lum 96
B279054DFAA4	p16	1055x593	smask	lum 72
94AE918CC150	p16	869x630	smask	lum 80
903BAFAE7560	p17	2000x1638	smask	lum 107
6A1782B26F79	p17	1935x1275	-	lum 238
3FF0C341BC60	p18	932x809	smask	lum 31
870E4637829E	p18	1500x1228	smask	lum 118
1AAD32EE7322	p19	838x1197	smask	lum 27
CA609BE457C7	p20	744x1053	-	lum 39
E4E29E9070F0	p20	694x981	-	lum 39
96405F915BE7	p21	744x1053	-	lum 39
62BB6A93B17D	p22	887x666	smask	lum 47
E53A042EE1AA	p23	4308x1477	-	lum 39
C6D3D82E6E63	p23	1104x621	smask	lum 162
7738D9CE2EB2	p24	1240x1754	-	lum 104
90389C226B51	p25	1000x1059	-	lum 150
E072BFCAA977	p26	4510x1546	-	lum 39
7B84658D2FAD	p26	4506x1545	-	lum 39
0504DAA619D8	p27	2000x1400	smask	lum 57
3912AB5F8135	p27	2000x1400	smask	lum 58
1D7854B5CFDB	p27	2000x1400	smask	lum 58
BE85A9BB3536	p27	2015x1411	smask	lum 58
B725FB8B2AEC	p29	4532x1554	-	lum 47
D313D559838A	p29	1219x813	smask	lum 189
47DE9EB7C705	p29	869x380	-	lum 80
4921D7CA587A	p29	1549x1223	smask	lum 124
C89BE2319256	p32	264x181	-	lum 182
B16B72CE5C91	p32	477x376	smask	lum 124
518339EA1CEB	p33	571x571	smask	lum 47
864B4054B943	p34	640x800	smask	lum 146
416C23716DF2	p34	326x159	smask	lum 24
F0207726BE6F	p35	1000x1243	smask	lum 101
D160299CCC8E	p36	1000x1243	smask	lum 125
244535E021AC	p36	4520x1549	-	lum 39
E5C28CA283FA	p37	355x378	smask	lum 116
B57D939A63C9	p38	469x264	smask	lum 28
F2B3966F76FB	p38	469x264	smask	lum 28
84D5F3EA9200	p38	469x264	smask	lum 39
00D34085995F	p38	469x264	smask	lum 30
C825748E9145	p38	469x264	smask	lum 47
1FEE417DD102	p38	469x264	smask	lum 25
BD2A9C3980DA	p39	1000x1243	smask	lum 114
6DBD56E7A84E	p39	1935x1275	-	lum 236
8FA869A499B3	p45	1194x1252	-	lum 114
TOTAL placements 247, past floor 205, distinct past floor 82, undecodable 0, near-black (lum<12) 1
