ThumbReady	Native	p1	2048x1394	Photo	4388af138ec6e694	Partial view of a vehicle at the top of the image. Visible text: "s, accessories, and specifications as shown …
ThumbReady	Native	p1	2048x391	TextSnapshot	892bbfda748de423	Rendered disclaimer text on a dark background: "Images & depictions are for illustration & representation purp…
ThumbReady	Native	p2	2048x1639	Photo	063aaea3b0be2162	A very dark photograph showing part of a person in dark clothing beside dark upholstered surfaces and metallic…
ThumbReady	Native	p2	2048x1827	Photo	2a92b72908f65cf4	Nearly black image with no discernible subject, text, or other details.
ThumbReady	Native	p2	2048x1971	Photo	31d1715ee821b3c5	An almost entirely black image with no discernible subject or legible text.
ThumbReady	Native	p2	1982x2048	Photo	3f8a96f8763a2edd	Nearly black image with no discernible subject or legible text.
ThumbReady	Native	p2	753x2048	Photo	6335a9ef4c9e2a2b	A nearly black image with no discernible subject or legible text.
ThumbReady	Native	p2	1856x2048	Photo	6c0860b196e00488	An almost entirely black image with no discernible subject or legible text.
ThumbReady	Native	p2	2048x1683	Photo	75f236b696b9aacd	Nearly black image with no discernible subject or legible text.
ThumbReady	DiCrop	p2	348x466	Photo	9fe65e5ccc8f2b8a	A view through an airplane window showing a bright white sky.
ThumbReady	DiCrop	p3	334x200	Product	01f98529413c8e42	A blue minivan shown on a dark background. The image includes the text “AUTONOMOUS LEVEL-2ᴬ” and the red “ADAS…
ThumbReady	Native	p3	2048x472	TextSnapshot	0f48ffc99755abd5	Rendered document text with the headings “R18 DUAL TONE MACHINED ALLOY WHEELS” and “VEHICLE TO VEHICLE (V2V**)…
ThumbReady	Native	p3	2048x507	TextSnapshot	2e44030295735859	Automotive brochure page showing vehicle images with the text “R18 DUAL TONE MACHINED ALLOY WHEELS” and “VEHIC…
ThumbReady	Native	p3	2048x541	Product	304af0a86a5790f6	Promotional banner showing three vehicle images: a close-up of alloy wheels labeled “R I 8 DUAL TONE MACHINED …
ThumbReady	Native	p3	2048x438	TextSnapshot	38544d1c1b3d19df	A document page showing partial feature panels labeled “R18 DUAL TONE MACHINED ALLOY WHEELS” and “VEHICLE TO V…
ThumbReady	DiCrop	p3	989x527	Product	43ed5b4aab63bd83	A blue MG Windsor EV electric vehicle shown from the front three-quarter view. Visible text includes “MORRIS G…
ThumbReady	DiCrop	p3	341x156	Photo	5c1bde11580ccc8f	A blue SUV photographed in front of a mountain landscape.
ThumbReady	DiCrop	p3	1041x403	Product	6ac9542bc0a9742c	Promotional six-panel graphic showing a blue electric vehicle and its features, including a coffee machine con…
ThumbReady	Native	p3	1776x2048	Product	7aabc33e69b9cf3c	Collage showing a blue electric vehicle in outdoor scenes, including a vehicle powering a coffee machine, plus…
ThumbReady	Native	p3	355x178	Product	a26a1d766e6fe70c	Side view of a vehicle interior showing the dashboard, front seats, rear seats, and side windows with a sunset…
ThumbReady	Native	p3	232x328	Photo	ac3ed57d3342b906	A blue compact SUV photographed on a road with mountains in the background.
ThumbReady	DiCrop	p3	346x173	Product	b05c08364e471689	Interior of a vehicle viewed through open doors, showing the front and rear seats, dashboard, steering wheel, …
ThumbReady	Native	p3	2048x230	TextSnapshot	d0fdc93efacc5d4c	Cropped text excerpt:
ThumbReady	Native	p3	375x349	Photo	dd644de68ef5c0a9	Blue compact car shown on a dark road with a blue illuminated area projected in front of it.
ThumbReady	Native	p3	2048x403	TextSnapshot	f1159d6658ab9ad3	Rendered disclaimer text with the labels “R18 DUAL TONE MACHINED ALLOY WHEELS” and “VEHICLE TO VEHICLE (V2V*”.…
ThumbReady	DiCrop	p4	999x553	Product	1fe18fb98b1f2c25	Dark blue MG Windsor EV vehicle shown in three-quarter front view. Visible text: “MORRIS GARAGES” and “WINDSOR…
ThumbReady	DiCrop	p4	421x133	Logo	5c81220049fc7f25	Logo reading “BAAS” with the text “Battery-as-a-Service” below.
ThumbReady	DiCrop	p4	433x168	TextSnapshot	89eb3f6b1286213a	Text reading “LIFETIME WARRANTY on battery for first owner**”.
ThumbReady	Native	p6	632x2048	Product	07d96015df86f96b	Light-colored rear car seats with segmented upholstery, headrests, and seat belts. Visible text: “FIRST-IN-SEG…
ThumbReady	DiCrop	p6	502x186	TextSnapshot	90f56d136b7d27c1	Text reading “FIRST-IN-SEGMENT AERO-LOUNGE SEATS WITH 135° RECLINE.”
ThumbReady	Native	p6	217x2048	Photo	f71b170e416f2304	Close-up photograph of a dark, textured surface with black and gray areas and a small brown area at the upper …
ThumbReady	Native	p7	2048x1315	Product	7f57b7ebe96f9d52	Interior of a vehicle showing dual-tone ivory seats, dashboard, steering wheel, touchscreen display, and blue …
ThumbReady	Native	p7	2048x1582	Product	bd64e1516b44e8fc	Car interior showing black leather seats, dashboard, touchscreen, panoramic roof, and blue ambient lighting. V…
ThumbReady	Native	p8	2048x1853	Product	63a3cb8d4dfbf3c2	Interior view of the MG Windsor EV showing the Infinity View glass roof and rear seating. Text: “FIRST-IN-SEGM…
ThumbReady	Native	p9	1707x2048	Product	134ef7db5033627a	Promotional image of an MG vehicle interior showing a large infotainment touchscreen and steering wheel, plus …
ThumbReady	DiCrop	p9	956x494	Product	5db7e2548865292e	Top-down image of a dark blue SUV with three rows of white quilted seats and blue sound-wave graphics around t…
ThumbReady	Native	p9	2048x1987	Product	75cb22b6d6a40ca2	Automotive product advertisement showing an overhead view of a blue car with white seats and blue sound-wave g…
ThumbReady	DiCrop	p9	564x592	Photo	9551d0e592fa07e7	Photograph of an MG vehicle interior showing the steering wheel, MG badge, dashboard screens, instrument displ…
ThumbReady	Native	p9	1094x2048	Product	af16dbfed241a0ac	Promotional image showing an MG vehicle interior with steering wheel, touchscreen infotainment display and an …
ThumbReady	DiCrop	p9	655x632	Photo	e964d17b1fb18bea	Photograph of a car dashboard with a large touchscreen infotainment display showing “Track 1,” “Battery,” “App…
ThumbReady	Native	p10	2048x1235	Product	05a9edf1dc7f1dfd	Car interior door and center console with blue ambient lighting and a speaker. Visible text: “FIRST-IN-SEGMENT…
ThumbReady	DiCrop	p10	1224x585	Product	2b0ac175746375e2	A car center console with two cup holders, wood-look trim, blue ambient lighting, and a smartphone placed on a…
ThumbReady	Native	p10	2048x1166	Photo	44b79ff4338e0895	Photograph of a vehicle interior showing blue ambient lighting along the door, a speaker, and cupholders. Text…
ThumbReady	Native	p10	2048x1153	Product	a2ba69b466d5d8ba	Promotional image of a car dashboard touchscreen displaying Apple CarPlay with Phone, Music, Maps, Messages, N…
ThumbReady	Native	p10	2048x1132	Product	a9158bd30a7997c1	Car interior door panel with blue ambient lighting and speaker. Text: “FIRST-IN-SEGMENT”, “256 COLOUR AMBIENT …
ThumbReady	Native	p10	2048x1201	Product	b9e3b6c8b110a895	Car interior showing blue ambient lighting around the door panel, speaker, dashboard, and cup holders. Text: “…
ThumbReady	Native	p10	2048x1028	Product	c56fbf9194060bc7	Car interior door panel with blue ambient lighting and a speaker. Text: “FIRST-IN-SEGMENT”, “256 COLOUR AMBIEN…
ThumbReady	Native	p10	2048x1270	Product	dc903735d5a79b20	Car interior door and center console illuminated with blue ambient lighting, showing a speaker, cup holders, a…
ThumbReady	DiCrop	p10	647x364	Photo	f6f59cb25fefc453	Vehicle infotainment touchscreen displaying app icons and labels including “Phone,” “Music,” “Maps,” “Messages…
ThumbReady	Native	p10	1762x2048	Product	fa8ee6d3941d64d6	Promotional composite showing a car interior with blue ambient lighting and a speaker, a wireless smartphone c…
ThumbReady	Native	p11	169x2048	Photo	1adb2fe32ecc7280	Close-up of overlapping gray and black surfaces against a blue background.
ThumbReady	Native	p11	2048x1462	Product	31f2c91145871578	Car interior showing dual-tone ivory front and rear seats, dashboard, door trims, and panoramic sunroof. Visib…
ThumbReady	Native	p11	837x2048	Photo	3a926d1239d61401	Photograph of a vehicle interior showing the steering wheel, dashboard touchscreen, blue accent lighting, fron…
ThumbReady	Native	p11	813x2048	Photo	40c6c4cd99a92353	Photograph of a luxury vehicle interior with a steering wheel, central touchscreen display, blue ambient light…
ThumbReady	Native	p11	1500x750	Product	4bf3b8a4a6a595f1	Interior of a modern vehicle showing front and rear seats, dashboard, steering wheel, center console, and pano…
ThumbReady	Native	p11	2048x1754	Product	4ce7cacf95f9d797	Interior of an MG vehicle showing the steering wheel, digital instrument display, and dashboard controls. The …
ThumbReady	Native	p11	2048x2026	Product	5fcd03192dc6c904	Promotional image of a vehicle interior showing dual-tone ivory front seats with ventilation arrows, black tri…
ThumbReady	Native	p11	2048x1118	Product	70743c22d63a95db	Composite image of a car interior showing ventilated front row seats, an MG-branded steering wheel with multi-…
ThumbReady	Native	p11	791x2048	Photo	86d73a5c09f9e81f	Photograph of a modern vehicle interior showing the steering wheel, dashboard, central touchscreen display, bl…
ThumbReady	Native	p11	862x2048	Photo	a1246e93f1d547e6	Interior of a modern vehicle showing the dashboard, steering wheel, central touchscreen, front passenger seat,…
ThumbReady	Native	p11	888x2048	Photo	c027eada5086aab8	Interior of a modern car showing the steering wheel, dashboard, central touchscreen display, blue ambient ligh…
ThumbReady	DiCrop	p12	525x210	Photo	13043f45dea87d15	Close-up photograph of a dark gray and black vehicle interior door panel and armrest.
ThumbReady	Native	p12	1470x2048	Photo	3203b6642e2c88e8	Two photographs of a vehicle interior: the center-console storage area holding four cans, labeled “DRIVER ARME…
ThumbReady	Native	p12	2048x1064	Photo	7ddc6f057fbf4159	Automotive interior showing armrest storage with four round containers and a rear-centre armrest with cupholde…
ThumbReady	Native	p12	856x2048	TextSnapshot	a686bd6077d8307d	Dark tiled surface with overlaid text fragments: “EGMENT”, “SPACE”, “need and more.”, and “traffic rules, whic…
ThumbReady	Native	p12	2048x1312	Product	b612e7916b516b19	Automotive feature collage showing driver armrest storage, a rear-centre armrest with cupholders, a first-in-s…
ThumbReady	Native	p12	2048x1879	Product	c5f011a6a4c7adfd	Promotional image of an MG Windsor EV shown from the rear with its powered tailgate open and luggage in the bo…
ThumbReady	DiCrop	p12	271x321	Product	e53e6128795bc9be	Four green aluminum beverage cans viewed from above in a rectangular tray.
ThumbReady	DiCrop	p12	444x207	Product	fffc7e6b77837e91	Close-up of black power seat adjustment controls with seat-shaped icons.
ThumbReady	DiCrop	p13	913x319	Product	b9ca8ec6a7e04c2e	Dark blue MG electric car shown from the front and side. Visible text: “MORRIS GARAGES” and “WINDSOR EV”.
ThumbReady	DiCrop	p14	1203x489	Product	a5e51ca5b17b94c4	Side view of a blue vehicle with text reading “2700 mm”, “BEST-IN-CLASS”, and “2700 mm WHEELBASE”.
ThumbReady	Native	p14	2048x1974	Product	d86b7084c3ab7ace	Stylized side-view rendering of a car surrounded by blue and white light trails. Text: “AEROGLIDE™ DESIGN”; “A…
ThumbReady	Native	p15	710x2048	Decorative	3f3052de71f20193	A solid dark blue rectangle with subtle tonal variations.
ThumbReady	Native	p15	1448x2048	Product	578a98595844c1f1	Promotional image showing two blue MG cars with labeled lighting features: “SMARTFLOW™ TAIL LIGHT”, “CONNECTED…
ThumbReady	Native	p15	138x2048	Decorative	d048bfd3b16db89a	A plain blue-green gradient background with no visible text, objects, or logos.
ThumbReady	Native	p16	2048x1458	Product	3a1324a322e58c67	Close-up of an MG vehicle’s dual-tone machined alloy wheel and tire. Text: “R18 DUAL TONE MACHINED ALLOY WHEEL…
ThumbReady	Native	p16	2048x1855	Product	f2938efd203638cd	Close-up automotive product image showing a dark blue vehicle’s rear styling and an auto-pop flush door handle…
ThumbReady	DiCrop	p16	560x558	Product	f3fc55e609922778	Close-up of a black-and-silver alloy wheel with an MG logo on the center hub.
ThumbReady	DiCrop	p16	623x718	Product	f443113ae326a035	A close-up of the rear of an MG electric concept car, showing the MG emblem and the text "FIRST IN SEGMENT".
ThumbReady	DiCrop	p17	961x468	Product	e57bcb8da382cfb7	Rear three-quarter view of a dark blue MG Windsor EV electric car. Legible text: “WINDSOR” on the rear and “WI…
ThumbReady	Native	p17	325x2048	Decorative	ecf8ccc93f1f73a6	A mostly uniform pale pink and gray blurred field with a small black shape at the lower-left edge.
ThumbReady	Native	p18	1006x2048	Product	3c8689bf3f43323f	Infographic for the MG Windsor EV showing a semi-transparent electric vehicle with its battery pack. Visible t…
ThumbReady	Native	p18	932x809	Product	3ff0c341bc60f4d1	Transparent cutaway rendering of a compact electric hatchback, showing the battery pack beneath the passenger …
ThumbReady	DiCrop	p18	722x516	Product	5ccb19db1652b7a5	Transparent-rendered electric vehicle showing the battery pack, four wheels, and interior chassis components.
ThumbReady	Native	p18	615x2048	TextSnapshot	e3d52de158e0f44c	Dark text page with partial large lettering “TION” and “EM”; bottom text reads “ocedure (Part I”.
ThumbReady	DiCrop	p18	412x102	Diagram	e923024696cd92e5	Graphic with a lightning-bolt icon and the text “449 km* IN SINGLE CHA”; the remaining text is cropped.
ThumbReady	DiCrop	p19	974x242	TextSnapshot	2b7370af904453f7	AUTONOMOUS LEVEL 2 FEATURES
ThumbReady	DiCrop	p19	1203x887	Product	5ccfff78414b1837	Blue MG vehicle shown from an elevated front three-quarter angle on a roadway, with a blue sensor-detection gr…
ThumbReady	Native	p20	2048x1283	TextSnapshot	0f32108f1c3e1b87	A business-document page showing a car viewed from above with camera-monitoring waves, lane markings, a red wa…
ThumbReady	DiCrop	p20	514x390	Diagram	154abe75f1b0b850	Technical illustration of two cars on a curved roadway, with concentric sensor waves and a blue detection beam…
ThumbReady	Native	p20	957x2048	Diagram	6bebeafffbb0499e	Technical illustration showing a dark vehicle detecting a white vehicle ahead in three driving scenarios, with…
ThumbReady	DiCrop	p20	523x389	Diagram	94795f94d86b8461	Top-down technical illustration of a car using forward-facing sensors, shown with concentric detection waves, …
ThumbReady	Native	p20	1511x2048	Diagram	ba4a8142955f4cb2	Automotive driver-assistance diagram showing vehicles using radar and lane monitoring on roads. Visible text i…
ThumbReady	DiCrop	p20	486x198	Diagram	eb77f85417033aa0	Technical illustration showing two cars traveling at 80 km/h, with the rear car’s forward radar detection fiel…
ThumbReady	Native	p21	1636x2048	Diagram	10a90aa8e99e06f3	Technical illustration showing two cars viewed from above on a roadway; the rear car emits concentric sensor w…
ThumbReady	Native	p21	1798x2048	Diagram	26df705e480b89fd	Page showing two vehicle-assistance diagrams. The upper diagram is titled “INTELLIGENT HYDRAULIC BRAKING ASSIS…
ThumbReady	Native	p21	939x2048	Diagram	ad18575ab22971d1	Three roadway illustrations show a dark-colored car using forward-facing sensor waves and detection beams near…
ThumbReady	Native	p22	2048x1502	Product	1d66b588f3e4d763	Top-down view of a blue SUV with 360-degree surround-view camera and rear parking sensor graphics. Text: “360°…
ThumbReady	Native	p22	887x666	Product	62bb6a93b17d09af	Top-down rendered view of a dark blue vehicle with a panoramic glass roof, visible light-colored seats, and su…
ThumbReady	Native	p22	2048x1675	Product	8a06943f06f9c793	Top-down view of a blue car with its roof removed, showing the interior seats and curtain airbags. Text: “6 AI…
ThumbReady	DiCrop	p23	1113x621	Diagram	35c621ccbdb07089	Automotive feature pictogram panel showing: “ELECTRONIC STABILITY PROGRAMME”, “HILL-START ASSIST CONTROL”, “HI…
ThumbReady	Native	p23	1104x621	Product	c6d3d82e6e632ffb	A cutaway view of a partially assembled car body, showing the colored structural frame, exposed interior floor…
ThumbReady	Native	p23	2048x1464	Product	e67fca53d30b7e2f	Color-coded cutaway view of a vehicle body structure showing different steel strengths. Text: “SAFETY BY DESIG…
ThumbReady	Native	p24	1448x2048	Product	d10f32acd7878574	Advertisement showing an MG Windsor EV electric vehicle beside a smartphone displaying the vehicle-control app…
ThumbReady	DiCrop	p25	1142x720	Product	1e8508a41de9a2c9	A dark blue compact hatchback beside a portable espresso machine and a cup of coffee on a folding wooden table…
ThumbReady	DiCrop	p25	1225x412	Photo	b19cf2205c7d0924	Photograph of a rugged, snow-dusted mountain range above green hills and a body of water.
ThumbReady	DiCrop	p26	1063x542	Diagram	09170fe9f70d269c	Dark feature graphic showing icons and labels for MG in-car systems and services: “MG APPSTORE”, “OWERED BY JI…
ThumbReady	Native	p26	2048x649	TextSnapshot	269559a68f104d48	Rendered text on a dark background: “WITH YOUR DRIVES”, partial text “ART”, and “80+ CONNECTED CAR FEATURES”.
ThumbReady	Native	p26	346x2048	Decorative	3a6bef735f23962d	White microphone icon with sound waves on a dark background, partially cropped at the lower left.
ThumbReady	Native	p26	987x2048	TextSnapshot	6630966948270b43	Promotional feature graphic showing “80+ CONNECTED CAR FEATURES,” including HOME 2 CAR, REAR VIEW MONITOR, AI …
ThumbReady	Native	p26	178x2048	Logo	f2bf5aac01688358	Cropped dark graphic showing a partial white vertical line and white text ending in “co”, a blue geometric mar…
ThumbReady	DiCrop	p27	2048x1792	Logo	097f88fe3ec4eca2	Gray logo depicting a stylized train with wireless signal arcs and an information symbol on a dark background.
ThumbReady	DiCrop	p27	1741x2048	TextSnapshot	0eace13c4dc22924	Stylized smartwatch outline with the Apple logo above the text “i-SMART APP FOR ANDROID & APPLE WATCH”.
ThumbReady	DiCrop	p27	2048x1886	Logo	22492514553aa9af	Monochrome icon of a person wearing a cap, shown in profile, with a large circular magnifying-glass-like shape…
ThumbReady	Native	p27	2048x451	Product	22aea8790070ed85	A blue Hyundai vehicle shown in side and rear three-quarter view, with the text "HYUNDAI" on the rear and "INN…
ThumbReady	DiCrop	p27	1088x2048	Diagram	23e4f0147707c3c0	Monochrome graphic of a remote control with nine horizontal buttons, a central vertical button, and three lowe…
ThumbReady	Native	p27	1344x2048	Product	38986d0a8e168189	Promotional graphic for the WINDSOR EV showing a blue car and a smartphone displaying the “Digital Key” screen…
ThumbReady	DiCrop	p27	2048x1628	TextSnapshot	4d1c8f0017bac09f	Icon of a speaking profile above the text “100+ VR COMMANDS TO CONTROL AC, MUSIC, RADIO & MORE”.
ThumbReady	Native	p27	427x2048	Photo	527a18fd38ad8857	A hand holds a smartphone displaying an MG Windsor EV app with a car image and remote-control options, against…
ThumbReady	DiCrop	p27	2048x1938	TextSnapshot	54bea970033ee651	Graphic of a car with a padlock and check mark, with the text “ANTI-THEFT IMMOBILISATION**”.
ThumbReady	DiCrop	p27	1856x2048	Logo	5ec3c5bb5f53f323	White outline icon of a telephone handset with radio-wave symbols on a dark background.
ThumbReady	DiCrop	p27	1782x2048	Logo	751f03ad360f44dc	A monochrome graphic showing a key inside a large circle, with a rounded rectangular outline and a small horiz…
ThumbReady	DiCrop	p27	2048x1343	Product	9e1f295c223ba3af	Graphic showing a hand touching a tablet displaying a temperature symbol, with a wireless signal above it. Tex…
ThumbReady	Native	p27	1290x2048	Product	a5b00ecc21c748ff	Promotional graphic for the WINDSOR electric car showing the vehicle beside a smartphone displaying “Digital K…
ThumbReady	DiCrop	p27	2048x1623	Diagram	ab9123686f54bf62	A white outline of a vehicle with a location pin above it. Text: "LIVE LOCATION SHARING & TRACKING**".
ThumbReady	Native	p27	987x2048	Product	b34c5dcd66681a8f	Promotional image for the WINDSOR EV showing the car beside a smartphone displaying the “Digital Key” screen. …
ThumbReady	DiCrop	p27	2048x1886	Logo	bd6b4a53eff21d0f	White stylized leaf mark inside a white circular outline on a dark background.
ThumbReady	Native	p27	2048x649	Product	c1e9eb9e2bc3f37a	A blue car beside a smartphone displaying the text “Digital Key.”
ThumbReady	Native	p27	2048x1445	Product	d3bb64ade8d82ce7	A dark blue MG Windsor EV shown beside a smartphone displaying its digital key interface. Legible text include…
ThumbReady	DiCrop	p27	1522x2048	Logo	df616de7d5fbef8c	Logo featuring a stylized map with three location pins and the word "GEOFENCE".
ThumbReady	Native	p27	640x2048	TextSnapshot	e5b4fd756388e380	Promotional graphic for the i-SMART app. Visible text: “IN-CAR REMOTE CONTROL USING i-SMART APP”; “100+ VR COM…
ThumbReady	Native	p28	2048x1896	Product	21b602dbe94fa228	Marketing page for in-car infotainment features, showing a dashboard touchscreen with family-friendly games, t…
ThumbReady	DiCrop	p28	593x333	Photo	7c3e555eb3026979	Photograph of a car infotainment touchscreen showing radio stations under “National Selection - England” and “…
ThumbReady	DiCrop	p28	648x355	Photo	8760bbaaa4fc4636	Photograph of a car dashboard with a central touchscreen displaying an app menu, including “Play Apps,” “All A…
ThumbReady	Native	p28	1684x2048	Product	8b6637d26a288570	Promotional collage showing a car infotainment touchscreen with the heading “AUTO-UPDATE SYSTEM FOR SEAMLESS F…
ThumbReady	DiCrop	p28	648x343	Photo	bbed9f7af46a4864	A car dashboard infotainment screen displays an app page labeled “OTPlay TV,” with preview thumbnails and an “…
ThumbReady	Native	p28	1626x2048	Product	dbb035f22e2ee28f	Promotional graphic for the MG Appstore powered by JioStore, showing in-car infotainment touchscreen interface…
ThumbReady	DiCrop	p28	646x346	Photo	f9411875962e8851	A vehicle dashboard touchscreen displays an “All Games” menu with game tiles, including “PUZZLE” and “GOLD MIN…
ThumbReady	DiCrop	p29	1685x2048	Logo	1aa89574692860b2	A telephone handset with wireless signal lines above a printer icon. Text: “CALL-MAKING CAPABILITY”
ThumbReady	DiCrop	p29	2048x1842	TextSnapshot	207d38f4f86964d5	Graphic showing a person icon with a speech bubble reading “Hello MG” and the text “HANDS-FREE WAKE-UP COMMAND…
ThumbReady	DiCrop	p29	2048x1706	TextSnapshot	29594ab91c0f9d6a	Graphic of a person’s profile inside a circular outline with a light bulb above and sound lines near the mouth…
ThumbReady	DiCrop	p29	2048x1902	Logo	38562affc8f6a2bc	A gray MG logo featuring a steering wheel and a thumbs-up symbol on a dark background. The letters “MG” appear…
ThumbReady	DiCrop	p29	2048x1368	TextSnapshot	442efc66ad67a11c	Blurry screenshot of a workshop service record with a wrench icon. Legible text includes “Workshop,” “28 Dec, …
ThumbReady	Native	p29	2048x451	TextSnapshot	5291ac5b738a871e	Graphic showing the text “HOME 2 CAR” and “Service Booked!” on a screen.
ThumbReady	DiCrop	p29	1153x473	Photo	695d83243e43ba8d	Photograph of a framed display showing an MG service-booking confirmation. Legible text includes “Service Book…
ThumbReady	Native	p29	1009x2048	Product	70e74235ee6133a3	Promotional graphic for MG vehicles showing a booked service appointment on a display, an MG logo, in-car info…
ThumbReady	DiCrop	p29	1938x2048	Logo	731b9600bd6583f4	Graphic icon of a news document with the word "NEWS", horizontal lines, and a globe symbol.
ThumbReady	Native	p29	2048x1568	Product	7494fb359e677990	Promotional graphic for “HOME 2 CAR” and “HELLOJIO AUTO VOICE RECOGNITION,” showing a television with an MG “S…
ThumbReady	DiCrop	p29	2048x1914	Logo	91ad34aaac2100a6	Monochrome Volkswagen (VW) logo consisting of the letters “V” and “W” inside a circle.
ThumbReady	Native	p29	399x2048	Photo	941e8f47e8449cf3	Interior scene with a framed display, books, a white vase of flowers, and a potted plant. Below it is a dark p…
ThumbReady	DiCrop	p29	2048x702	Diagram	a070ab03353a9592	Line-art diagram of the rear of a car connected by a cable to a rectangular charging device.
ThumbReady	Native	p29	1645x2048	Product	b1a86ee25a3b27fe	Promotional graphic for an MG car infotainment and voice-control system, showing an in-car touchscreen with a …
ThumbReady	Native	p29	391x2048	TextSnapshot	c3fc2ea4827eb83f	Graphic page showing the text “HOME 2” at the top and partial text “LINK BE”, “CAR AND”, “SET-”, and “HELLO”. …
ThumbReady	DiCrop	p29	2048x1995	Logo	cbd7aa1be093e017	Monochrome line icon showing a car with a gear, connected to a large check mark inside a circle and an outline…
ThumbReady	DiCrop	p29	2048x1846	Diagram	f5c13eeda1a59011	Monochrome icon showing four ascending bars, an X above the shorter bars, and a speech bubble containing an el…
ThumbReady	Native	p29	2048x941	Photo	fa223516c6776766	Photograph of a car interior showing a central touchscreen infotainment display with the menu “Choose Language…
ThumbReady	DiCrop	p30	1164x899	Product	484ec5297d9758e9	Blue MG electric vehicle connected to a charging station by a cable. Vertical text reads “EVA ASSURANCE”.
ThumbReady	Native	p31	1448x2048	Diagram	d66964ae2f116a22	Network diagram headed “DRIVING INDIA’S EV ECOSYSTEM” with the text “Key partnerships with the leading players…
ThumbReady	Native	p31	2048x462	TextSnapshot	e64fe3e95fdf7d3a	Cropped dark slide with the visible heading “DRIVING INDIA’S EV ECOS...” and text reading “Key partnerships wi…
ThumbReady	DiCrop	p32	347x234	Product	77438eec2117a8aa	Blue electric vehicle connected to a charging station.
ThumbReady	DiCrop	p32	347x234	Logo	81f0e5fc044049f6	Logo with a green and blue shield-like circular mark containing a white lightning bolt, and the text "eHUB by …
ThumbReady	Native	p32	477x376	Product	b16b72ce5c9167e1	A dark blue compact electric car connected by a cable to a white charging station on a glossy surface, with cu…
ThumbReady	Native	p32	264x181	Product	c89be23192569c00	A green-and-white electric vehicle charging station labeled “50kW Fast Charger” and “Forum charge & drive.”
ThumbReady	DiCrop	p32	339x225	Logo	dba68347725c1801	MG CHARGE logo.
ThumbReady	Native	p33	2048x246	TextSnapshot	0632770e9c31620a	Partial white text reading “UNIFIED APP” on a dark background.
ThumbReady	DiCrop	p33	368x690	Product	60d8f754ccd3f5a3	A smartphone displaying a map interface with numerous colored location markers, a search field reading “Find b…
ThumbReady	Native	p33	1622x2048	Product	74c19c7ad205123e	A smartphone displaying an electric-vehicle charging station map with the text “Find by area, name or type”, “…
ThumbReady	DiCrop	p33	957x295	Logo	ad9e830ce3f9e60a	Logo with a green and blue shield-like emblem containing a white lightning bolt, and the text "eHUB by MG".
ThumbReady	Native	p34	2048x2007	Decorative	4a301aaf7e462803	Blue background with partial dark lettering visible along the bottom edge; no complete legible text.
ThumbReady	DiCrop	p34	675x434	Photo	8df0c6b0b8878f6b	A car-shaped topiary made of green foliage, with two gray question marks in the upper left.
ThumbReady	Native	p34	326x159	Logo	95a2b621923e86fd	Logo with a stylized “EV” inside a hexagonal outline, alongside the text “PEDIA” and “POWERED BY MG.”
ThumbReady	DiCrop	p35	926x565	Product	045a9d60369b5c3b	Blue MG Windsor EV electric car shown from the front three-quarter view. Visible text: “MORRIS GARAGES” and “W…
ThumbReady	DiCrop	p35	711x528	TextSnapshot	2e5a42749f8f268b	Promotional text on a blue background: “INTRODUCTORY PRICE STARTS AT ₹ 9.99* LAKH + BATTERY RENTAL @ ₹ 3.9/kmᵃ…
ThumbReady	DiCrop	p35	450x175	Logo	3ea24e33c842631e	BAAS logo with the text “UNIQUE OWNERSHIP PROGRAMME” and “Battery-as-a-Service*”.
ThumbReady	Native	p35	1026x2048	TextSnapshot	7ed17d6991ef6803	Cropped blue text graphic with partial white text reading: “vourite EV highly”, “ce of buyback.”, “ry but only…
ThumbReady	Native	p35	1009x2048	Product	82d753be05abac57	Advertisement featuring a blue MG Windsor EV, shown from the front three-quarter view. Visible text includes “…
ThumbReady	Native	p36	2048x1184	TextSnapshot	77127fc8f575e48f	Text table headed “UNIQUE OWNERSHIP PROGRAMME”, “Baaz”, and “Battery-as-a-Service*”. Columns: “VARIANT” and “P…
ThumbReady	DiCrop	p36	2048x741	Logo	779fbfb26b8fa4f0	Blue banner with the large white “BaaS” logo and the text “UNIQUE OWNERSHIP PROGRAMME” and “Battery-as-a-Servi…
ThumbReady	DiCrop	p36	2048x797	Product	a360e8473ee05699	Side view of a dark blue passenger vehicle with tinted windows, roof rails, alloy wheels, and black lower-body…
ThumbReady	Native	p36	994x2048	Product	d9fe35e7e95e8a97	Promotional image for “BaaS” with the text “UNIQUE OWNERSHIP PROGRAMME” and “Battery-as-a-Service*”, showing a…
ThumbReady	Native	p37	2048x647	TextSnapshot	06207374c7896957	Cropped text on a dark background: “ENSIVE” and “IP PACKAGE”; “oughtfully designed ownership package that offe…
ThumbReady	Native	p37	355x378	Logo	e5c28ca283fac7b8	A blank light-blue shield-shaped emblem with a glossy beveled border.
ThumbReady	Native	p37	2048x1591	TextSnapshot	ea02e04aa8a3a8a1	Marketing graphic titled “COMPREHENSIVE OWNERSHIP PACKAGE.” Visible text: “MG e-Shield^ is a thoughtfully desi…
ThumbReady	Native	p38	2048x1227	Product	1f58d5bc14886e2b	A turquoise-green compact electric vehicle shown in three-quarter front view. The visible text reads “TURQUOIS…
ThumbReady	Native	p38	2048x451	TextSnapshot	391c313cebd7c083	White text on a dark background reads: “| DRIVE YOUR EXPRESSION” and “Pick a colour of choice that speaks to y…
ThumbReady	Native	p38	2048x1227	Product	68460a7014af4784	Black minivan shown in three-quarter front view. Legible text: “STARRY BLACK”.
ThumbReady	Native	p38	1448x2048	Product	6b2228eb8b13c725	Colour options for a compact car: CELADON BLUE, TURQUOISE GREEN, AURORA SILVER, PEARL WHITE, GLAZE RED, and ST…
ThumbReady	Native	p38	2048x1221	Product	822f686a1809fcd1	White compact car shown in a front three-quarter view. Visible text: “PEARL WHITE”.
ThumbReady	Native	p38	469x264	Product	84d5f3ea9200a61a	Silver compact MPV shown in three-quarter front view against a black background, with a green front plate bear…
ThumbReady	Native	p38	469x264	Product	b57d939a63c95ccd	Blue Hyundai MPV shown in a three-quarter front view against a black background. The front plate reads “HYUNDA…
ThumbReady	Native	p38	2048x647	TextSnapshot	ce7a47d640d5a9d5	Dark text banner with the cropped visible text “UR EXPRESSION” and “e that speaks to you and add a personal to…
ThumbReady	Native	p38	469x264	Product	f2b3966f76fbe816	Red compact car shown in a studio-style image.
ThumbReady	Native	p39	2048x451	Logo	2dcc9d1460fbeb8d	White MG logo and the text “WINDSO” on a blue background; the text is cropped at the right edge.
ThumbReady	Native	p39	288x2048	Decorative	396661c8834c3148	Blue gradient background with partial white and light-blue geometric shapes and a rounded outlined element alo…
ThumbReady	DiCrop	p39	1546x2048	Product	864c27c3e3caaa71	Close-up of a vehicle tire and alloy wheel with a multi-spoke design.
ThumbReady	DiCrop	p39	1227x740	Photo	9c27af2d9b07b4a8	Promotional photograph of a blue BYD eMAX 7 electric MPV shown in side profile. Text at the bottom reads: “Ima…
ThumbReady	DiCrop	p39	2048x210	Logo	ad2c0bae5b41a801	White MG emblem and partially visible white lettering on a blue background.
ThumbReady	Native	p40	2048x451	TextSnapshot	5861291195800c53	A specifications table showing “SPECIFICATIONS,” “DIMENSIONS,” “38kWh,” “LENGTH (mm)” with value “4295,” and “…
ThumbReady	Native	p41	2048x451	TextSnapshot	2fe1d028f59a01cf	A vehicle equipment table showing the 38kWh exterior features: LED Projector Headlamps, LED Daytime Running Li…
ThumbReady	Native	p41	288x2048	Diagram	79b6e87c216f6525	Partial tabular checklist showing two sections labeled “9kWh” and “ESSENCE PRO,” with check marks and dashes i…
ThumbReady	Native	p42	2048x451	TextSnapshot	92ddd2aa9575b332	Rendered vehicle feature comparison table showing “COMFORT & CONVENIENCE,” “38 kWh,” columns including “EXCITE…
ThumbReady	Native	p42	288x2048	TextSnapshot	c88282054d8b156c	Cropped table section showing “9kWh” and “ESSENCE PRO,” with rows of check marks and dashes.
ThumbReady	Native	p43	2048x647	Diagram	1f33852e183ac4a2	Partial comparison table showing the headings “38kWh” and “52.9kWh”, with columns labeled “EXCITE”, “EXCLUSIVE…
ThumbReady	Native	p43	288x2048	TextSnapshot	71281e8a7a4bcf20	Cropped table showing two sections labeled “9kWh” and “ESSENCE PRO,” with multiple check marks and one dash in…
ThumbReady	Native	p43	2048x461	TextSnapshot	ba406496dc54686a	Cropped vehicle specification table showing “38kWh” and the “SAFETY” section. Visible entries are “Dual Horn,”…
ThumbReady	Native	p44	2048x660	TextSnapshot	507a35884b67fd29	Cropped table showing 38kWh and 52.9kWh categories with columns labeled "EXCITE", "EXCLUSIVE", "ESSENCE", "EXC…
ThumbReady	Native	p44	2048x451	TextSnapshot	5dcdcd1dfc6694f3	Specification table section showing “38kWh” and “ADAS (Autonomous Level 2)*,” with the entries “Traffic Jam As…
ThumbReady	Native	p44	1009x2048	TextSnapshot	b845f8d259c301ef	Cropped business-document table comparing 38kWh and 52.9kWh variants across EXCITE, EXCLUSIVE, ESSENCE, EXCLUS…
ThumbReady	DiCrop	p45	439x530	Logo	7493753f4edbea54	MG emblem with raised silver “MG” letters on a red octagonal badge.
ThumbReady	Native	p45	2048x451	TextSnapshot	b14de4e8d5baf959	Blue banner with white text: “450+ CENTRES TO COME S”, “HELLO, MG!”, and “We are always by your side no matter…
ThumbReady	Native	p46	172x2048	Decorative	33d4acb5f29e9455	Blank dark gray rectangle with no visible text or objects.
ThumbReady	Native	p46	2048x453	Decorative	b07cb40793024fa7	Uniform dark gray image with no discernible objects, text, or markings.
ThumbReady	DiCrop	p46	334x189	Logo	b4eb57443c6a9249	MG logo with the text "MORRIS GARAGES" and "Since 1924".
