ThumbReady	Native	p2	1080x675	Photo	65e1d7d4989fbf2f	Interior view of a car showing the passenger-side door and dashboard with wood-look trim, metallic door handle…
ThumbReady	DiCrop	p3	989x527	Product	43ed5b4aab63bd83	A blue MG Windsor EV electric vehicle shown from the front three-quarter view. Visible text includes “MORRIS G…
ThumbReady	DiCrop	p4	999x553	Product	1fe18fb98b1f2c25	Dark blue MG Windsor EV vehicle shown in three-quarter front view. Visible text: “MORRIS GARAGES” and “WINDSOR…
ThumbReady	Native	p7	1500x750	Product	0a116cbad7b37d9e	Interior of a blue vehicle showing white upholstered front and rear seats, a dashboard-mounted touchscreen, pa…
ThumbReady	DiCrop	p7	1229x744	Product	5302b1fb940d4546	Interior of a teal vehicle showing black leather front and rear seats, a dashboard-mounted touchscreen, blue a…
ThumbReady	DiCrop	p10	1224x585	Product	2b0ac175746375e2	A car center console with two cup holders, wood-look trim, blue ambient lighting, and a smartphone placed on a…
ThumbReady	Native	p10	1000x750	Photo	7147ccdc4bc62afa	Photograph of an MG car interior with a central touchscreen displaying smartphone-integration apps and labels …
ThumbReady	Native	p11	1500x750	Product	4bf3b8a4a6a595f1	Interior of a modern vehicle showing front and rear seats, dashboard, steering wheel, center console, and pano…
ThumbReady	DiCrop	p11	1229x711	Product	bd0313fbe8e832f6	Vehicle interior showing the front and rear seats, dashboard, panoramic roof, and rear seating area. Visible t…
ThumbReady	Native	p11	885x714	Photo	e7c6b8cef642c78a	Photograph of a car interior showing the passenger-side dashboard and door, with wood-effect trim, blue ambien…
ThumbReady	Native	p12	942x530	Photo	359a59af6015650f	Close-up photograph of a vehicle’s front seat side, showing power-adjustment controls, perforated light uphols…
ThumbReady	DiCrop	p12	1140x674	Product	80f74e71c5b41be8	A blue Windsor EV car with its powered tailgate open, showing luggage in the boot. Visible text: "POWERED TAIL…
ThumbReady	Native	p12	744x1053	Product	a989ea9593b600ca	Top-down view of three cars on a dark background; two blue cars are shown with concentric sensor-wave rings, a…
ThumbReady	Native	p12	991x521	Photo	e9caaad3ddda48b9	Rear passenger seating area of a luxury vehicle with light-colored quilted leather seats, a fold-down center a…
ThumbReady	DiCrop	p14	1203x489	Product	a5e51ca5b17b94c4	Side view of a blue vehicle with text reading “2700 mm”, “BEST-IN-CLASS”, and “2700 mm WHEELBASE”.
ThumbReady	Native	p15	861x1237	Product	cb01cd48310ce63a	Two dark blue compact cars displayed in a stylized indoor setting, shown from rear three-quarter and front thr…
ThumbReady	Native	p16	869x630	Photo	94ae918cc150f99d	Close-up photograph of the side of a dark blue car, showing the door handle, side trim, window, and front whee…
ThumbReady	Native	p16	1055x593	Product	b279054dfaa40829	Close-up product photograph of a blue MG vehicle showing a black-and-silver alloy wheel, tire, brake assembly,…
ThumbReady	Native	p18	932x809	Product	3ff0c341bc60f4d1	Transparent cutaway rendering of a compact electric hatchback, showing the battery pack beneath the passenger …
ThumbReady	DiCrop	p19	1203x887	Product	5ccfff78414b1837	Blue MG vehicle shown from an elevated front three-quarter angle on a roadway, with a blue sensor-detection gr…
ThumbReady	Native	p20	744x1053	Diagram	ca609be457c7cd56	Top-down illustration of two pairs of cars on a dark background, with concentric sensor waves around the dark …
ThumbReady	Native	p20	694x981	Photo	e4e29e9070f065bd	Top-down image of two dark-colored cars emitting concentric sensor waves, each approaching a white car on a da…
ThumbReady	Native	p21	744x1053	Diagram	96405f915be75f68	Top-down graphic showing two dark-colored cars emitting concentric sensor waves near two white cars on a dark …
ThumbReady	DiCrop	p21	519x1455	Diagram	ad9f24d3d7f742c2	Three-panel automotive safety illustration showing a dark vehicle using radiating sensor waves and forward-fac…
ThumbReady	Native	p22	887x666	Product	62bb6a93b17d09af	Top-down rendered view of a dark blue vehicle with a panoramic glass roof, visible light-colored seats, and su…
ThumbReady	DiCrop	p22	1083x574	Product	e797369745ebc5a8	Top-down view of a dark blue minivan with its roof removed, showing three rows of white seats, a dashboard wit…
ThumbReady	DiCrop	p23	1113x621	Diagram	35c621ccbdb07089	Automotive feature pictogram panel showing: “ELECTRONIC STABILITY PROGRAMME”, “HILL-START ASSIST CONTROL”, “HI…
ThumbReady	DiCrop	p23	1045x661	Diagram	b9429b9922d100da	Color-coded technical illustration of a partially transparent vehicle body showing different steel types. Lege…
ThumbReady	Native	p23	1104x621	Product	c6d3d82e6e632ffb	A cutaway view of a partially assembled car body, showing the colored structural frame, exposed interior floor…
ThumbReady	Native	p24	1240x1754	Product	7738d9ce2eb2e319	A dark blue MG Windsor EV electric car on a road beside a lake, with a hand holding a smartphone displaying a …
ThumbReady	DiCrop	p25	1142x720	Product	1e8508a41de9a2c9	A dark blue compact hatchback beside a portable espresso machine and a cup of coffee on a folding wooden table…
ThumbReady	DiCrop	p25	1225x412	Photo	b19cf2205c7d0924	Photograph of a rugged, snow-dusted mountain range above green hills and a body of water.
ThumbReady	DiCrop	p26	1063x542	Diagram	09170fe9f70d269c	Dark feature graphic showing icons and labels for MG in-car systems and services: “MG APPSTORE”, “OWERED BY JI…
ThumbReady	DiCrop	p27	1223x718	Product	45b7c6a2f569926c	A blue electric hatchback is shown beside a smartphone displaying a digital key interface. Legible text includ…
ThumbReady	DiCrop	p29	1153x473	Photo	695d83243e43ba8d	Photograph of a framed display showing an MG service-booking confirmation. Legible text includes “Service Book…
ThumbReady	DiCrop	p30	1164x899	Product	484ec5297d9758e9	Blue MG electric vehicle connected to a charging station by a cable. Vertical text reads “EVA ASSURANCE”.
ThumbReady	DiCrop	p31	1089x1097	Diagram	a2f04e50d1828185	Network diagram showing the central “MG” logo connected to circular logos for companies including Castrol, AXO…
ThumbReady	DiCrop	p35	926x565	Product	045a9d60369b5c3b	Blue MG Windsor EV electric car shown from the front three-quarter view. Visible text: “MORRIS GARAGES” and “W…
ThumbReady	DiCrop	p38	1075x1267	Product	c70e5e1fe914845e	Six images of the same compact car in different exterior colors, labeled “CELADON BLUE,” “TURQUOISE GREEN,” “A…
ThumbReady	DiCrop	p39	1227x740	Photo	9c27af2d9b07b4a8	Promotional photograph of a blue BYD eMAX 7 electric MPV shown in side profile. Text at the bottom reads: “Ima…
