1	Product	2048x1235 6TCWOI/_images/55af3e34aeb546fdb2279ca720af18d5/05a9edf1dc7f1dfd.jpg	Car interior door and center console with blue ambient lighting and a speaker. Visible text: “FIRST-IN-SEGMENT”, “256 COLOUR AMBIENT LIGHT”,…
2	Photo	2048x1639 6TCWOI/_images/55af3e34aeb546fdb2279ca720af18d5/063aaea3b0be2162.jpg	A very dark photograph showing part of a person in dark clothing beside dark upholstered surfaces and metallic trim; no legible text is visi…
3	Logo	2048x1792 6TCWOI/_images/55af3e34aeb546fdb2279ca720af18d5/097f88fe3ec4eca2.jpg	Gray logo depicting a stylized train with wireless signal arcs and an information symbol on a dark background.
4	TextSnapshot	1741x2048 6TCWOI/_images/55af3e34aeb546fdb2279ca720af18d5/0eace13c4dc22924.jpg	Stylized smartwatch outline with the Apple logo above the text “i-SMART APP FOR ANDROID & APPLE WATCH”.
5	TextSnapshot	2048x1283 6TCWOI/_images/55af3e34aeb546fdb2279ca720af18d5/0f32108f1c3e1b87.jpg	A business-document page showing a car viewed from above with camera-monitoring waves, lane markings, a red warning symbol, and a dashed pat…
6	Diagram	1636x2048 6TCWOI/_images/55af3e34aeb546fdb2279ca720af18d5/10a90aa8e99e06f3.jpg	Technical illustration showing two cars viewed from above on a roadway; the rear car emits concentric sensor waves toward a white car ahead,…
7	Product	1707x2048 6TCWOI/_images/55af3e34aeb546fdb2279ca720af18d5/134ef7db5033627a.jpg	Promotional image of an MG vehicle interior showing a large infotainment touchscreen and steering wheel, plus a top-down view of the vehicle…
8	Logo	1685x2048 6TCWOI/_images/55af3e34aeb546fdb2279ca720af18d5/1aa89574692860b2.jpg	A telephone handset with wireless signal lines above a printer icon. Text: “CALL-MAKING CAPABILITY”
9	Product	2048x1502 6TCWOI/_images/55af3e34aeb546fdb2279ca720af18d5/1d66b588f3e4d763.jpg	Top-down view of a blue SUV with 360-degree surround-view camera and rear parking sensor graphics. Text: “360° SURROUND VIEW CAMERAS AND REA…
10	Product	2048x1227 6TCWOI/_images/55af3e34aeb546fdb2279ca720af18d5/1f58d5bc14886e2b.jpg	A turquoise-green compact electric vehicle shown in three-quarter front view. The visible text reads “TURQUOISE GREEN”.
11	TextSnapshot	2048x1842 6TCWOI/_images/55af3e34aeb546fdb2279ca720af18d5/207d38f4f86964d5.jpg	Graphic showing a person icon with a speech bubble reading “Hello MG” and the text “HANDS-FREE WAKE-UP COMMAND: “HELLO MG””.
12	Product	2048x1896 6TCWOI/_images/55af3e34aeb546fdb2279ca720af18d5/21b602dbe94fa228.jpg	Marketing page for in-car infotainment features, showing a dashboard touchscreen with family-friendly games, the OTTplay interface, and the …
13	Logo	2048x1886 6TCWOI/_images/55af3e34aeb546fdb2279ca720af18d5/22492514553aa9af.jpg	Monochrome icon of a person wearing a cap, shown in profile, with a large circular magnifying-glass-like shape near the head.
14	Diagram	1088x2048 6TCWOI/_images/55af3e34aeb546fdb2279ca720af18d5/23e4f0147707c3c0.jpg	Monochrome graphic of a remote control with nine horizontal buttons, a central vertical button, and three lower buttons.
15	Diagram	1798x2048 6TCWOI/_images/55af3e34aeb546fdb2279ca720af18d5/26df705e480b89fd.jpg	Page showing two vehicle-assistance diagrams. The upper diagram is titled “INTELLIGENT HYDRAULIC BRAKING ASSISTANCE (IHBA)” and shows a vehi…
16	TextSnapshot	2048x1706 6TCWOI/_images/55af3e34aeb546fdb2279ca720af18d5/29594ab91c0f9d6a.jpg	Graphic of a person’s profile inside a circular outline with a light bulb above and sound lines near the mouth. Text: “DIRECT COMMAND FUNCTI…
17	Photo	2048x1827 6TCWOI/_images/55af3e34aeb546fdb2279ca720af18d5/2a92b72908f65cf4.jpg	Nearly black image with no discernible subject, text, or other details.
18	Photo	2048x1971 6TCWOI/_images/55af3e34aeb546fdb2279ca720af18d5/31d1715ee821b3c5.jpg	An almost entirely black image with no discernible subject or legible text.
19	Product	2048x1462 6TCWOI/_images/55af3e34aeb546fdb2279ca720af18d5/31f2c91145871578.jpg	Car interior showing dual-tone ivory front and rear seats, dashboard, door trims, and panoramic sunroof. Visible text: “BEST IN-CLASS”, “REA…
20	Photo	1470x2048 6TCWOI/_images/55af3e34aeb546fdb2279ca720af18d5/3203b6642e2c88e8.jpg	Two photographs of a vehicle interior: the center-console storage area holding four cans, labeled “DRIVER ARMEST STORAGE,” and the side of a…
21	Logo	2048x1902 6TCWOI/_images/55af3e34aeb546fdb2279ca720af18d5/38562affc8f6a2bc.jpg	A gray MG logo featuring a steering wheel and a thumbs-up symbol on a dark background. The letters “MG” appear in the center.
22	Product	1344x2048 6TCWOI/_images/55af3e34aeb546fdb2279ca720af18d5/38986d0a8e168189.jpg	Promotional graphic for the WINDSOR EV showing a blue car and a smartphone displaying the “Digital Key” screen. The graphic is headed “FEATU…
23	Product	2048x1458 6TCWOI/_images/55af3e34aeb546fdb2279ca720af18d5/3a1324a322e58c67.jpg	Close-up of an MG vehicle’s dual-tone machined alloy wheel and tire. Text: “R18 DUAL TONE MACHINED ALLOY WHEELS” and “R18 Dual Tone Machined…
24	Photo	1982x2048 6TCWOI/_images/55af3e34aeb546fdb2279ca720af18d5/3f8a96f8763a2edd.jpg	Nearly black image with no discernible subject or legible text.
25	Photo	2048x1394 6TCWOI/_images/55af3e34aeb546fdb2279ca720af18d5/4388af138ec6e694.jpg	Partial view of a vehicle at the top of the image. Visible text: "s, accessories, and specifications as shown are not standard for all varia…
26	TextSnapshot	2048x1368 6TCWOI/_images/55af3e34aeb546fdb2279ca720af18d5/442efc66ad67a11c.jpg	Blurry screenshot of a workshop service record with a wrench icon. Legible text includes “Workshop,” “28 Dec, 2024,” “Time,” “10:50 am,” “Bu…
27	Photo	2048x1166 6TCWOI/_images/55af3e34aeb546fdb2279ca720af18d5/44b79ff4338e0895.jpg	Photograph of a vehicle interior showing blue ambient lighting along the door, a speaker, and cupholders. Text: “FIRST-IN-SEGMENT”, “256 COL…
28	Decorative	2048x2007 6TCWOI/_images/55af3e34aeb546fdb2279ca720af18d5/4a301aaf7e462803.jpg	Blue background with partial dark lettering visible along the bottom edge; no complete legible text.
29	Product	2048x1754 6TCWOI/_images/55af3e34aeb546fdb2279ca720af18d5/4ce7cacf95f9d797.jpg	Interior of an MG vehicle showing the steering wheel, digital instrument display, and dashboard controls. The text reads: "MULTI-FUNCTION ST…
30	TextSnapshot	2048x1628 6TCWOI/_images/55af3e34aeb546fdb2279ca720af18d5/4d1c8f0017bac09f.jpg	Icon of a speaking profile above the text “100+ VR COMMANDS TO CONTROL AC, MUSIC, RADIO & MORE”.
31	TextSnapshot	2048x1938 6TCWOI/_images/55af3e34aeb546fdb2279ca720af18d5/54bea970033ee651.jpg	Graphic of a car with a padlock and check mark, with the text “ANTI-THEFT IMMOBILISATION**”.
32	Product	1448x2048 6TCWOI/_images/55af3e34aeb546fdb2279ca720af18d5/578a98595844c1f1.jpg	Promotional image showing two blue MG cars with labeled lighting features: “SMARTFLOW™ TAIL LIGHT”, “CONNECTED LED TAIL LAMPS”, “STARSTREAK™…
33	Logo	1856x2048 6TCWOI/_images/55af3e34aeb546fdb2279ca720af18d5/5ec3c5bb5f53f323.jpg	White outline icon of a telephone handset with radio-wave symbols on a dark background.
34	Product	2048x2026 6TCWOI/_images/55af3e34aeb546fdb2279ca720af18d5/5fcd03192dc6c904.jpg	Promotional image of a vehicle interior showing dual-tone ivory front seats with ventilation arrows, black trim, blue ambient lighting, and …
35	Product	2048x1853 6TCWOI/_images/55af3e34aeb546fdb2279ca720af18d5/63a3cb8d4dfbf3c2.jpg	Interior view of the MG Windsor EV showing the Infinity View glass roof and rear seating. Text: “FIRST-IN-SEGMENT”; “INFINITY VIEW™”; “GLASS…
36	Product	2048x1227 6TCWOI/_images/55af3e34aeb546fdb2279ca720af18d5/68460a7014af4784.jpg	Black minivan shown in three-quarter front view. Legible text: “STARRY BLACK”.
37	Product	1448x2048 6TCWOI/_images/55af3e34aeb546fdb2279ca720af18d5/6b2228eb8b13c725.jpg	Colour options for a compact car: CELADON BLUE, TURQUOISE GREEN, AURORA SILVER, PEARL WHITE, GLAZE RED, and STARRY BLACK. The heading reads …
38	Photo	1856x2048 6TCWOI/_images/55af3e34aeb546fdb2279ca720af18d5/6c0860b196e00488.jpg	An almost entirely black image with no discernible subject or legible text.
39	Product	2048x1118 6TCWOI/_images/55af3e34aeb546fdb2279ca720af18d5/70743c22d63a95db.jpg	Composite image of a car interior showing ventilated front row seats, an MG-branded steering wheel with multi-function steering controls, an…
40	Logo	1938x2048 6TCWOI/_images/55af3e34aeb546fdb2279ca720af18d5/731b9600bd6583f4.jpg	Graphic icon of a news document with the word "NEWS", horizontal lines, and a globe symbol.
41	Product	2048x1568 6TCWOI/_images/55af3e34aeb546fdb2279ca720af18d5/7494fb359e677990.jpg	Promotional graphic for “HOME 2 CAR” and “HELLOJIO AUTO VOICE RECOGNITION,” showing a television with an MG “Service Booked!” screen and thr…
42	Product	1622x2048 6TCWOI/_images/55af3e34aeb546fdb2279ca720af18d5/74c19c7ad205123e.jpg	A smartphone displaying an electric-vehicle charging station map with the text “Find by area, name or type”, “CCS2 - Fast”, “Type2 - Slow”, …
43	Logo	1782x2048 6TCWOI/_images/55af3e34aeb546fdb2279ca720af18d5/751f03ad360f44dc.jpg	A monochrome graphic showing a key inside a large circle, with a rounded rectangular outline and a small horizontal slot above it. No legibl…
44	Product	2048x1987 6TCWOI/_images/55af3e34aeb546fdb2279ca720af18d5/75cb22b6d6a40ca2.jpg	Automotive product advertisement showing an overhead view of a blue car with white seats and blue sound-wave graphics, plus a dashboard disp…
45	Photo	2048x1683 6TCWOI/_images/55af3e34aeb546fdb2279ca720af18d5/75f236b696b9aacd.jpg	Nearly black image with no discernible subject or legible text.
46	TextSnapshot	2048x1184 6TCWOI/_images/55af3e34aeb546fdb2279ca720af18d5/77127fc8f575e48f.jpg	Text table headed “UNIQUE OWNERSHIP PROGRAMME”, “Baaz”, and “Battery-as-a-Service*”. Columns: “VARIANT” and “PRICE”. Visible entries: “EXCIT…
47	Product	1776x2048 6TCWOI/_images/55af3e34aeb546fdb2279ca720af18d5/7aabc33e69b9cf3c.jpg	Collage showing a blue electric vehicle in outdoor scenes, including a vehicle powering a coffee machine, plus a close-up of its wheel. Visi…
48	Photo	2048x1064 6TCWOI/_images/55af3e34aeb546fdb2279ca720af18d5/7ddc6f057fbf4159.jpg	Automotive interior showing armrest storage with four round containers and a rear-centre armrest with cupholders holding a cup. Visible text…
49	Product	2048x1315 6TCWOI/_images/55af3e34aeb546fdb2279ca720af18d5/7f57b7ebe96f9d52.jpg	Interior of a vehicle showing dual-tone ivory seats, dashboard, steering wheel, touchscreen display, and blue accent lighting. Text: "DUAL T…
50	Product	2048x1221 6TCWOI/_images/55af3e34aeb546fdb2279ca720af18d5/822f686a1809fcd1.jpg	White compact car shown in a front three-quarter view. Visible text: “PEARL WHITE”.
51	Product	1546x2048 6TCWOI/_images/55af3e34aeb546fdb2279ca720af18d5/864c27c3e3caaa71.jpg	Close-up of a vehicle tire and alloy wheel with a multi-spoke design.
52	Product	2048x1675 6TCWOI/_images/55af3e34aeb546fdb2279ca720af18d5/8a06943f06f9c793.jpg	Top-down view of a blue car with its roof removed, showing the interior seats and curtain airbags. Text: “6 AIRBAGS* (DUAL FRONT, SIDE & CUR…
53	Product	1684x2048 6TCWOI/_images/55af3e34aeb546fdb2279ca720af18d5/8b6637d26a288570.jpg	Promotional collage showing a car infotainment touchscreen with the heading “AUTO-UPDATE SYSTEM FOR SEAMLESS FUNCTIONING” and feature panels…
54	Logo	2048x1914 6TCWOI/_images/55af3e34aeb546fdb2279ca720af18d5/91ad34aaac2100a6.jpg	Monochrome Volkswagen (VW) logo consisting of the letters “V” and “W” inside a circle.
55	Product	2048x1343 6TCWOI/_images/55af3e34aeb546fdb2279ca720af18d5/9e1f295c223ba3af.jpg	Graphic showing a hand touching a tablet displaying a temperature symbol, with a wireless signal above it. Text: “REMOTE CAR CONTROLS**”.
56	Product	2048x1153 6TCWOI/_images/55af3e34aeb546fdb2279ca720af18d5/a2ba69b466d5d8ba.jpg	Promotional image of a car dashboard touchscreen displaying Apple CarPlay with Phone, Music, Maps, Messages, Now Playing, MG, Audiobooks, Ca…
57	Product	1290x2048 6TCWOI/_images/55af3e34aeb546fdb2279ca720af18d5/a5b00ecc21c748ff.jpg	Promotional graphic for the WINDSOR electric car showing the vehicle beside a smartphone displaying “Digital Key” and “WINDSOR EV.” The grap…
58	Product	2048x1132 6TCWOI/_images/55af3e34aeb546fdb2279ca720af18d5/a9158bd30a7997c1.jpg	Car interior door panel with blue ambient lighting and speaker. Text: “FIRST-IN-SEGMENT”, “256 COLOUR AMBIENT LIGHT”, “LED BY YOUR MOOD”, an…
59	Diagram	2048x1623 6TCWOI/_images/55af3e34aeb546fdb2279ca720af18d5/ab9123686f54bf62.jpg	A white outline of a vehicle with a location pin above it. Text: "LIVE LOCATION SHARING & TRACKING**".
60	Product	1094x2048 6TCWOI/_images/55af3e34aeb546fdb2279ca720af18d5/af16dbfed241a0ac.jpg	Promotional image showing an MG vehicle interior with steering wheel, touchscreen infotainment display and an overhead view of the cabin. Vi…
61	Product	1645x2048 6TCWOI/_images/55af3e34aeb546fdb2279ca720af18d5/b1a86ee25a3b27fe.jpg	Promotional graphic for an MG car infotainment and voice-control system, showing an in-car touchscreen with a language-selection menu. Legib…
62	Product	2048x1312 6TCWOI/_images/55af3e34aeb546fdb2279ca720af18d5/b612e7916b516b19.jpg	Automotive feature collage showing driver armrest storage, a rear-centre armrest with cupholders, a first-in-segment 6-way power driver seat…
63	Product	2048x1201 6TCWOI/_images/55af3e34aeb546fdb2279ca720af18d5/b9e3b6c8b110a895.jpg	Car interior showing blue ambient lighting around the door panel, speaker, dashboard, and cup holders. Text: “FIRST-IN-SEGMENT”, “256 COLOUR…
64	Diagram	1511x2048 6TCWOI/_images/55af3e34aeb546fdb2279ca720af18d5/ba4a8142955f4cb2.jpg	Automotive driver-assistance diagram showing vehicles using radar and lane monitoring on roads. Visible text includes “TRAFFIC JAM ASSIST (T…
65	Product	2048x1582 6TCWOI/_images/55af3e34aeb546fdb2279ca720af18d5/bd64e1516b44e8fc.jpg	Car interior showing black leather seats, dashboard, touchscreen, panoramic roof, and blue ambient lighting. Visible text: “DUAL TONE IVORY …
66	Logo	2048x1886 6TCWOI/_images/55af3e34aeb546fdb2279ca720af18d5/bd6b4a53eff21d0f.jpg	White stylized leaf mark inside a white circular outline on a dark background.
67	Product	2048x1879 6TCWOI/_images/55af3e34aeb546fdb2279ca720af18d5/c5f011a6a4c7adfd.jpg	Promotional image of an MG Windsor EV shown from the rear with its powered tailgate open and luggage in the boot, plus an inset view of the …
68	Logo	2048x1995 6TCWOI/_images/55af3e34aeb546fdb2279ca720af18d5/cbd7aa1be093e017.jpg	Monochrome line icon showing a car with a gear, connected to a large check mark inside a circle and an outlined rectangular frame. No legibl…
69	Product	1448x2048 6TCWOI/_images/55af3e34aeb546fdb2279ca720af18d5/d10f32acd7878574.jpg	Advertisement showing an MG Windsor EV electric vehicle beside a smartphone displaying the vehicle-control app. Legible text includes “SMART…
70	Product	2048x1445 6TCWOI/_images/55af3e34aeb546fdb2279ca720af18d5/d3bb64ade8d82ce7.jpg	A dark blue MG Windsor EV shown beside a smartphone displaying its digital key interface. Legible text includes “WINDSOR EV” on the phone an…
71	Diagram	1448x2048 6TCWOI/_images/55af3e34aeb546fdb2279ca720af18d5/d66964ae2f116a22.jpg	Network diagram headed “DRIVING INDIA’S EV ECOSYSTEM” with the text “Key partnerships with the leading players in EV ecosystem for Battery T…
72	Product	2048x1974 6TCWOI/_images/55af3e34aeb546fdb2279ca720af18d5/d86b7084c3ab7ace.jpg	Stylized side-view rendering of a car surrounded by blue and white light trails. Text: “AEROGLIDE™ DESIGN”; “A MARVEL ON THE MOVE”; “A uniqu…
73	Product	1626x2048 6TCWOI/_images/55af3e34aeb546fdb2279ca720af18d5/dbb035f22e2ee28f.jpg	Promotional graphic for the MG Appstore powered by JioStore, showing in-car infotainment touchscreen interfaces for app categories, JioGames…
74	Product	2048x1270 6TCWOI/_images/55af3e34aeb546fdb2279ca720af18d5/dc903735d5a79b20.jpg	Car interior door and center console illuminated with blue ambient lighting, showing a speaker, cup holders, and trim. Text reads: “FIRST-IN…
75	Logo	1522x2048 6TCWOI/_images/55af3e34aeb546fdb2279ca720af18d5/df616de7d5fbef8c.jpg	Logo featuring a stylized map with three location pins and the word "GEOFENCE".
76	Product	2048x1464 6TCWOI/_images/55af3e34aeb546fdb2279ca720af18d5/e67fca53d30b7e2f.jpg	Color-coded cutaway view of a vehicle body structure showing different steel strengths. Text: “SAFETY BY DESIGN”; “A fortress made of high s…
77	TextSnapshot	2048x1591 6TCWOI/_images/55af3e34aeb546fdb2279ca720af18d5/ea02e04aa8a3a8a1.jpg	Marketing graphic titled “COMPREHENSIVE OWNERSHIP PACKAGE.” Visible text: “MG e-Shield^ is a thoughtfully designed ownership package that” a…
78	Product	2048x1855 6TCWOI/_images/55af3e34aeb546fdb2279ca720af18d5/f2938efd203638cd.jpg	Close-up automotive product image showing a dark blue vehicle’s rear styling and an auto-pop flush door handle. Text: “SMART FLUSH DOOR HAND…
79	Diagram	2048x1846 6TCWOI/_images/55af3e34aeb546fdb2279ca720af18d5/f5c13eeda1a59011.jpg	Monochrome icon showing four ascending bars, an X above the shorter bars, and a speech bubble containing an ellipsis and a check mark.
80	Product	1762x2048 6TCWOI/_images/55af3e34aeb546fdb2279ca720af18d5/fa8ee6d3941d64d6.jpg	Promotional composite showing a car interior with blue ambient lighting and a speaker, a wireless smartphone charging pad, and an infotainme…
