p1	961x1458	placed 691x1049pt	visible 69% of placement, 100% of page	CLIPPED		/DCTDecode
p1	1500x1097	placed 1296x948pt	visible 6% of placement, 14% of page	CLIPPED		/DCTDecode
p1	2000x1400	placed 1519x1063pt	visible 6% of placement, 19% of page	CLIPPED	smask	/DCTDecode
p2	1207x1238	placed 869x891pt	visible 65% of placement, 100% of page	CLIPPED		/DCTDecode
p2	2000x1400	placed 1519x1063pt	visible 5% of placement, 16% of page	CLIPPED	smask	/DCTDecode
p2	1348x843	placed 970x606pt	visible 4% of placement, 4% of page	CLIPPED		/DCTDecode
p2	1348x843	placed 970x606pt	visible 4% of placement, 4% of page	CLIPPED		/DCTDecode
p2	1348x843	placed 970x606pt	visible 3% of placement, 4% of page	CLIPPED		/DCTDecode
p2	1348x843	placed 970x606pt	visible 3% of placement, 4% of page	CLIPPED		/DCTDecode
p2	1348x843	placed 970x606pt	visible 3% of placement, 3% of page	CLIPPED		/DCTDecode
p2	1080x675	placed 777x486pt	visible 0% of placement, 0% of page	CLIPPED	smask	/DCTDecode
p3	1348x843	placed 970x606pt	visible 16% of placement, 19% of page	CLIPPED		/DCTDecode
p3	1348x843	placed 970x606pt	visible 15% of placement, 18% of page	CLIPPED		/DCTDecode
p3	1348x843	placed 970x606pt	visible 14% of placement, 16% of page	CLIPPED		/DCTDecode
p3	1348x843	placed 970x606pt	visible 13% of placement, 15% of page	CLIPPED		/DCTDecode
p3	1348x843	placed 970x606pt	visible 12% of placement, 14% of page	CLIPPED		/DCTDecode
p3	1080x675	placed 777x486pt	visible 11% of placement, 8% of page	CLIPPED	smask	/DCTDecode
p3	1000x1415	placed 630x891pt	visible 89% of placement, 100% of page	CLIPPED	smask	/DCTDecode
p3	375x349	placed 270x251pt	visible 100% of placement, 13% of page		smask	/DCTDecode
p3	232x328	placed 167x236pt	visible 100% of placement, 8% of page			/DCTDecode
p3	374x393	placed 269x283pt	visible 91% of placement, 14% of page	CLIPPED		/DCTDecode
p3	309x206	placed 222x148pt	visible 100% of placement, 7% of page		smask	/DCTDecode
p3	289x196	placed 208x141pt	visible 100% of placement, 6% of page			/DCTDecode
p3	355x178	placed 255x128pt	visible 100% of placement, 7% of page			/DCTDecode
p3	69x49	placed 49x35pt	visible 100% of placement, 0% of page		smask	/FlateDecode
p3	253x142	placed 182x102pt	visible 100% of placement, 4% of page		smask	/DCTDecode
p3	340x170	placed 244x122pt	visible 100% of placement, 6% of page		smask	/DCTDecode
p3	230x293	placed 165x210pt	visible 100% of placement, 7% of page		smask	/DCTDecode
p4	868x1227	placed 624x883pt	visible 91% of placement, 100% of page	CLIPPED		/DCTDecode
p4	772x444	placed 320x555pt	visible 2% of placement, 1% of page	CLIPPED		/DCTDecode
p5	1240x1754	placed 672x950pt	visible 79% of placement, 100% of page	CLIPPED		/DCTDecode
p6	4529x1552	placed 3260x1117pt	visible 14% of placement, 100% of page	CLIPPED		/FlateDecode
p6	942x1219	placed 678x877pt	visible 84% of placement, 100% of page	CLIPPED		/DCTDecode
p6	2000x1733	placed 1255x1087pt	visible 16% of placement, 44% of page	CLIPPED	smask	/DCTDecode
p6	1446x2088	placed 1245x1797pt	visible 1% of placement, 6% of page	CLIPPED	smask	/DCTDecode
p6	1500x750	placed 958x479pt	visible 2% of placement, 2% of page	CLIPPED		/DCTDecode
p7	4529x1552	placed 3260x1117pt	visible 14% of placement, 100% of page	CLIPPED		/FlateDecode
p7	1500x750	placed 765x382pt	visible 78% of placement, 45% of page	CLIPPED		/DCTDecode
p7	1500x750	placed 958x479pt	visible 60% of placement, 55% of page	CLIPPED		/DCTDecode
p8	2000x1733	placed 1255x1087pt	visible 37% of placement, 100% of page	CLIPPED	smask	/DCTDecode
p8	1446x2088	placed 1245x1797pt	visible 14% of placement, 64% of page	CLIPPED	smask	/DCTDecode
p9	1500x1097	placed 1296x948pt	visible 35% of placement, 85% of page	CLIPPED		/DCTDecode
p9	1226x858	placed 878x624pt	visible 63% of placement, 69% of page	CLIPPED	smask	/DCTDecode
p9	2000x1400	placed 1519x1063pt	visible 16% of placement, 51% of page	CLIPPED	smask	/DCTDecode
p10	1226x858	placed 878x624pt	visible 0% of placement, 1% of page	CLIPPED	smask	/DCTDecode
p10	1000x750	placed 628x471pt	visible 68% of placement, 40% of page	CLIPPED	smask	/DCTDecode
p10	2000x1400	placed 1519x1063pt	visible 25% of placement, 82% of page	CLIPPED	smask	/DCTDecode
p10	1348x843	placed 970x606pt	visible 33% of placement, 39% of page	CLIPPED		/DCTDecode
p10	1348x843	placed 970x606pt	visible 34% of placement, 40% of page	CLIPPED		/DCTDecode
p10	1348x843	placed 970x606pt	visible 35% of placement, 41% of page	CLIPPED		/DCTDecode
p10	1348x843	placed 970x606pt	visible 36% of placement, 43% of page	CLIPPED		/DCTDecode
p10	1348x843	placed 970x606pt	visible 37% of placement, 44% of page	CLIPPED		/DCTDecode
p10	1080x675	placed 777x486pt	visible 47% of placement, 35% of page	CLIPPED	smask	/DCTDecode
p11	1348x843	placed 970x606pt	visible 8% of placement, 9% of page	CLIPPED		/DCTDecode
p11	1348x843	placed 970x606pt	visible 8% of placement, 10% of page	CLIPPED		/DCTDecode
p11	1348x843	placed 970x606pt	visible 8% of placement, 10% of page	CLIPPED		/DCTDecode
p11	1348x843	placed 970x606pt	visible 9% of placement, 10% of page	CLIPPED		/DCTDecode
p11	1348x843	placed 970x606pt	visible 9% of placement, 11% of page	CLIPPED		/DCTDecode
p11	1080x675	placed 777x486pt	visible 2% of placement, 1% of page	CLIPPED	smask	/DCTDecode
p11	1500x750	placed 944x472pt	visible 57% of placement, 50% of page	CLIPPED		/DCTDecode
p11	576x480	placed 415x346pt	visible 84% of placement, 24% of page	CLIPPED	smask	/DCTDecode
p11	549x368	placed 395x265pt	visible 78% of placement, 16% of page	CLIPPED	smask	/DCTDecode
p11	885x714	placed 636x514pt	visible 59% of placement, 39% of page	CLIPPED	smask	/DCTDecode
p12	942x530	placed 678x381pt	visible 88% of placement, 45% of page	CLIPPED		/DCTDecode
p12	991x521	placed 713x375pt	visible 51% of placement, 27% of page	CLIPPED	smask	/DCTDecode
p12	772x444	placed 320x555pt	visible 73% of placement, 26% of page	CLIPPED		/DCTDecode
p12	1500x1000	placed 833x555pt	visible 70% of placement, 65% of page	CLIPPED	smask	/DCTDecode
p12	744x1053	placed 536x758pt	visible 6% of placement, 5% of page	CLIPPED		/DCTDecode
p13	1000x1415	placed 618x874pt	visible 93% of placement, 100% of page	CLIPPED		/DCTDecode
p14	1060x1060	placed 763x763pt	visible 59% of placement, 68% of page	CLIPPED		/DCTDecode
p14	924x1332	placed 665x959pt	visible 71% of placement, 90% of page	CLIPPED	smask	/DCTDecode
p14	1247x873	placed 898x628pt	visible 2% of placement, 3% of page	CLIPPED	smask	/DCTDecode
p15	861x1237	placed 619x890pt	visible 91% of placement, 100% of page	CLIPPED	smask	/DCTDecode
p15	1446x2088	placed 1245x1797pt	visible 2% of placement, 10% of page	CLIPPED	smask	/DCTDecode
p15	1247x873	placed 898x628pt	visible 0% of placement, 0% of page	CLIPPED	smask	/DCTDecode
p16	1055x593	placed 759x427pt	visible 78% of placement, 50% of page	CLIPPED	smask	/DCTDecode
p16	1446x2088	placed 1245x1797pt	visible 22% of placement, 100% of page	CLIPPED	smask	/DCTDecode
p16	869x630	placed 625x453pt	visible 73% of placement, 41% of page	CLIPPED	smask	/DCTDecode
p17	2000x1638	placed 1163x953pt	visible 45% of placement, 100% of page	CLIPPED	smask	/DCTDecode
p17	1935x1275	placed 962x877pt	visible 12% of placement, 21% of page	CLIPPED		/DCTDecode
p18	4529x1552	placed 3260x1117pt	visible 14% of placement, 100% of page	CLIPPED		/FlateDecode
p18	1935x1275	placed 962x877pt	visible 57% of placement, 96% of page	CLIPPED		/DCTDecode
p18	932x809	placed 470x408pt	visible 100% of placement, 38% of page		smask	/DCTDecode
p18	1500x1228	placed 831x776pt	visible 3% of placement, 3% of page	CLIPPED	smask	/DCTDecode
p18	4529x1552	placed 3260x1117pt	visible 10% of placement, 69% of page	CLIPPED		/FlateDecode
p19	1500x1228	placed 831x776pt	visible 22% of placement, 28% of page	CLIPPED	smask	/DCTDecode
p19	838x1197	placed 603x861pt	visible 96% of placement, 100% of page	CLIPPED	smask	/DCTDecode
p20	4529x1552	placed 3260x1117pt	visible 14% of placement, 100% of page	CLIPPED		/FlateDecode
p20	744x1053	placed 536x758pt	visible 44% of placement, 36% of page	CLIPPED		/DCTDecode
p20	744x1053	placed 536x758pt	visible 50% of placement, 40% of page	CLIPPED		/DCTDecode
p20	694x981	placed 499x706pt	visible 96% of placement, 67% of page	CLIPPED		/DCTDecode
p21	4529x1552	placed 3260x1117pt	visible 14% of placement, 100% of page	CLIPPED		/FlateDecode
p21	744x1053	placed 536x758pt	visible 81% of placement, 65% of page	CLIPPED		/DCTDecode
p21	744x1053	placed 536x758pt	visible 52% of placement, 42% of page	CLIPPED		/DCTDecode
p21	744x1053	placed 536x758pt	visible 30% of placement, 24% of page	CLIPPED		/DCTDecode
p22	1247x873	placed 898x628pt	visible 51% of placement, 58% of page	CLIPPED	smask	/DCTDecode
p22	887x666	placed 638x479pt	visible 85% of placement, 52% of page	CLIPPED	smask	/DCTDecode
p23	4308x1477	placed 3102x1063pt	visible 15% of placement, 97% of page	CLIPPED		/FlateDecode
p23	1104x621	placed 794x447pt	visible 71% of placement, 51% of page	CLIPPED	smask	/DCTDecode
p23	4529x1552	placed 3260x1117pt	visible 13% of placement, 98% of page	CLIPPED		/FlateDecode
p24	1240x1754	placed 624x876pt	visible 92% of placement, 100% of page	CLIPPED		/DCTDecode
p25	1000x1059	placed 1066x1121pt	visible 42% of placement, 100% of page	CLIPPED		/DCTDecode
p26	4510x1546	placed 3247x1113pt	visible 14% of placement, 100% of page	CLIPPED		/FlateDecode
p26	227x128	placed 163x92pt	visible 100% of placement, 3% of page		smask	/DCTDecode
p26	227x128	placed 163x92pt	visible 100% of placement, 3% of page		smask	/DCTDecode
p26	227x128	placed 163x92pt	visible 100% of placement, 3% of page		smask	/DCTDecode
p26	227x128	placed 163x92pt	visible 100% of placement, 3% of page		smask	/DCTDecode
p26	227x128	placed 163x92pt	visible 100% of placement, 3% of page		smask	/DCTDecode
p26	4506x1545	placed 3244x1112pt	visible 14% of placement, 100% of page	CLIPPED		/FlateDecode
p26	1500x1228	placed 831x776pt	visible 5% of placement, 6% of page	CLIPPED	smask	/DCTDecode
p26	4506x1545	placed 3244x1112pt	visible 9% of placement, 68% of page	CLIPPED		/FlateDecode
p26	4529x1552	placed 3260x1117pt	visible 1% of placement, 11% of page	CLIPPED		/FlateDecode
p26	1000x1059	placed 1066x1121pt	visible 5% of placement, 12% of page	CLIPPED		/DCTDecode
p27	4506x1545	placed 3244x1112pt	visible 14% of placement, 100% of page	CLIPPED		/FlateDecode
p27	1500x1228	placed 831x776pt	visible 39% of placement, 50% of page	CLIPPED	smask	/DCTDecode
p27	4506x1545	placed 3244x1112pt	visible 14% of placement, 100% of page	CLIPPED		/FlateDecode
p27	2000x1400	placed 1441x1009pt	visible 10% of placement, 30% of page	CLIPPED	smask	/DCTDecode
p27	2000x1400	placed 1441x1009pt	visible 24% of placement, 69% of page	CLIPPED	smask	/DCTDecode
p27	4506x1545	placed 3244x1112pt	visible 9% of placement, 68% of page	CLIPPED		/FlateDecode
p27	4529x1552	placed 3260x1117pt	visible 1% of placement, 11% of page	CLIPPED		/FlateDecode
p27	4529x1552	placed 3260x1117pt	visible 2% of placement, 16% of page	CLIPPED		/FlateDecode
p27	2000x1400	placed 1451x1016pt	visible 24% of placement, 71% of page	CLIPPED	smask	/DCTDecode
p27	2015x1411	placed 1451x1016pt	visible 6% of placement, 19% of page	CLIPPED	smask	/DCTDecode
p28	4506x1545	placed 3244x1112pt	visible 14% of placement, 100% of page	CLIPPED		/FlateDecode
p28	2000x1400	placed 1441x1009pt	visible 34% of placement, 100% of page	CLIPPED	smask	/DCTDecode
p28	2000x1400	placed 1441x1009pt	visible 30% of placement, 86% of page	CLIPPED	smask	/DCTDecode
p28	2000x1400	placed 1451x1016pt	visible 30% of placement, 89% of page	CLIPPED	smask	/DCTDecode
p28	2015x1411	placed 1451x1016pt	visible 22% of placement, 65% of page	CLIPPED	smask	/DCTDecode
p29	4532x1554	placed 3263x1118pt	visible 10% of placement, 70% of page	CLIPPED		/DCTDecode
p29	4506x1545	placed 3244x1112pt	visible 14% of placement, 100% of page	CLIPPED		/FlateDecode
p29	1219x813	placed 877x585pt	visible 53% of placement, 54% of page	CLIPPED	smask	/DCTDecode
p29	869x380	placed 625x274pt	visible 95% of placement, 32% of page	CLIPPED		/DCTDecode
p29	1549x1223	placed 1115x880pt	visible 14% of placement, 28% of page	CLIPPED	smask	/DCTDecode
p29	4529x1552	placed 3260x1117pt	visible 2% of placement, 16% of page	CLIPPED		/FlateDecode
p29	744x1053	placed 536x758pt	visible 4% of placement, 3% of page	CLIPPED		/DCTDecode
p29	4529x1552	placed 3260x1117pt	visible 2% of placement, 16% of page	CLIPPED		/FlateDecode
p29	2000x1400	placed 1451x1016pt	visible 7% of placement, 21% of page	CLIPPED	smask	/DCTDecode
p29	2015x1411	placed 1451x1016pt	visible 17% of placement, 49% of page	CLIPPED	smask	/DCTDecode
p30	4532x1554	placed 3263x1118pt	visible 10% of placement, 70% of page	CLIPPED		/DCTDecode
p30	4532x1554	placed 3263x1118pt	visible 14% of placement, 100% of page	CLIPPED		/DCTDecode
p30	1549x1223	placed 1115x880pt	visible 51% of placement, 100% of page	CLIPPED	smask	/DCTDecode
p31	4532x1554	placed 3263x1118pt	visible 14% of placement, 100% of page	CLIPPED		/DCTDecode
p31	4532x1554	placed 3263x1118pt	visible 14% of placement, 100% of page	CLIPPED		/DCTDecode
p31	77x55	placed 55x39pt	visible 100% of placement, 0% of page		smask	/FlateDecode
p31	142x51	placed 102x36pt	visible 100% of placement, 1% of page		smask	/FlateDecode
p31	69x23	placed 49x16pt	visible 100% of placement, 0% of page		smask	/FlateDecode
p31	36x49	placed 25x35pt	visible 100% of placement, 0% of page			/FlateDecode
p31	66x20	placed 47x14pt	visible 100% of placement, 0% of page		smask	/FlateDecode
p31	70x15	placed 50x11pt	visible 100% of placement, 0% of page		smask	/FlateDecode
p31	69x35	placed 50x25pt	visible 100% of placement, 0% of page		smask	/FlateDecode
p31	73x73	placed 52x52pt	visible 100% of placement, 1% of page		smask	/FlateDecode
p31	163x86	placed 117x61pt	visible 100% of placement, 1% of page		smask	/DCTDecode
p31	106x104	placed 76x75pt	visible 100% of placement, 1% of page		smask	/FlateDecode
p31	69x45	placed 50x32pt	visible 100% of placement, 0% of page		smask	/FlateDecode
p31	69x69	placed 49x49pt	visible 100% of placement, 0% of page		smask	/FlateDecode
p31	76x17	placed 54x12pt	visible 100% of placement, 0% of page		smask	/FlateDecode
p31	37x25	placed 26x18pt	visible 100% of placement, 0% of page		smask	/DCTDecode
p31	65x14	placed 46x10pt	visible 100% of placement, 0% of page			/FlateDecode
p31	94x94	placed 67x67pt	visible 100% of placement, 1% of page		smask	/FlateDecode
p31	90x12	placed 64x8pt	visible 100% of placement, 0% of page		smask	/FlateDecode
p31	50x40	placed 35x28pt	visible 100% of placement, 0% of page		smask	/FlateDecode
p31	16x16	placed 11x11pt	visible 100% of placement, 0% of page		smask	/DCTDecode
p31	182x53	placed 131x38pt	visible 100% of placement, 1% of page		smask	/FlateDecode
p31	45x7	placed 32x5pt	visible 100% of placement, 0% of page		smask	/FlateDecode
p31	71x15	placed 51x11pt	visible 100% of placement, 0% of page		smask	/FlateDecode
p31	67x19	placed 48x13pt	visible 100% of placement, 0% of page			/DCTDecode
p31	62x39	placed 45x28pt	visible 100% of placement, 0% of page		smask	/FlateDecode
p31	15x15	placed 11x11pt	visible 100% of placement, 0% of page		smask	/DCTDecode
p31	59x15	placed 42x11pt	visible 100% of placement, 0% of page		smask	/FlateDecode
p31	63x10	placed 45x7pt	visible 100% of placement, 0% of page		smask	/FlateDecode
p31	61x27	placed 43x19pt	visible 100% of placement, 0% of page		smask	/FlateDecode
p31	71x19	placed 51x14pt	visible 100% of placement, 0% of page		smask	/FlateDecode
p31	78x43	placed 56x31pt	visible 100% of placement, 0% of page		smask	/FlateDecode
p31	4529x1552	placed 3260x1117pt	visible 2% of placement, 15% of page	CLIPPED		/FlateDecode
p32	4532x1554	placed 3263x1118pt	visible 14% of placement, 100% of page	CLIPPED		/DCTDecode
p32	4532x1554	placed 3263x1118pt	visible 14% of placement, 100% of page	CLIPPED		/DCTDecode
p32	264x181	placed 170x117pt	visible 100% of placement, 4% of page			/DCTDecode
p32	477x376	placed 343x271pt	visible 100% of placement, 19% of page		smask	/DCTDecode
p32	178x142	placed 121x97pt	visible 100% of placement, 2% of page			/DCTDecode
p33	4532x1554	placed 3263x1118pt	visible 14% of placement, 100% of page	CLIPPED		/DCTDecode
p33	571x571	placed 410x410pt	visible 79% of placement, 27% of page	CLIPPED	smask	/DCTDecode
p33	141x118	placed 101x84pt	visible 100% of placement, 2% of page		smask	/FlateDecode
p33	141x118	placed 101x84pt	visible 100% of placement, 2% of page		smask	/FlateDecode
p33	65x65	placed 47x46pt	visible 100% of placement, 0% of page		smask	/FlateDecode
p33	1000x1059	placed 1066x1121pt	visible 4% of placement, 9% of page	CLIPPED		/DCTDecode
p34	4532x1554	placed 3263x1118pt	visible 14% of placement, 100% of page	CLIPPED		/DCTDecode
p34	640x800	placed 736x920pt	visible 74% of placement, 100% of page	CLIPPED	smask	/DCTDecode
p34	326x159	placed 234x114pt	visible 100% of placement, 5% of page		smask	/FlateDecode
p34	70x69	placed 50x49pt	visible 100% of placement, 0% of page		smask	/FlateDecode
p34	1000x1059	placed 1066x1121pt	visible 0% of placement, 1% of page	CLIPPED		/DCTDecode
p35	4532x1554	placed 3263x1118pt	visible 13% of placement, 98% of page	CLIPPED		/DCTDecode
p35	4532x1554	placed 3263x1118pt	visible 10% of placement, 70% of page	CLIPPED		/DCTDecode
p35	1000x1243	placed 713x886pt	visible 79% of placement, 100% of page	CLIPPED	smask	/DCTDecode
p35	2015x1411	placed 1451x1016pt	visible 4% of placement, 12% of page	CLIPPED	smask	/DCTDecode
p36	4532x1554	placed 3263x1118pt	visible 14% of placement, 100% of page	CLIPPED		/DCTDecode
p36	1000x1243	placed 700x870pt	visible 82% of placement, 100% of page	CLIPPED	smask	/DCTDecode
p36	4520x1549	placed 3254x1115pt	visible 9% of placement, 69% of page	CLIPPED		/FlateDecode
p36	2015x1411	placed 1451x1016pt	visible 14% of placement, 41% of page	CLIPPED	smask	/DCTDecode
p37	4532x1554	placed 3263x1118pt	visible 1% of placement, 11% of page	CLIPPED		/DCTDecode
p37	4532x1554	placed 3263x1118pt	visible 14% of placement, 100% of page	CLIPPED		/DCTDecode
p37	355x378	placed 255x272pt	visible 100% of placement, 14% of page		smask	/DCTDecode
p37	4520x1549	placed 3254x1115pt	visible 14% of placement, 100% of page	CLIPPED		/FlateDecode
p37	2015x1411	placed 1451x1016pt	visible 10% of placement, 30% of page	CLIPPED	smask	/DCTDecode
p38	4532x1554	placed 3263x1118pt	visible 1% of placement, 11% of page	CLIPPED		/DCTDecode
p38	4532x1554	placed 3263x1118pt	visible 2% of placement, 16% of page	CLIPPED		/DCTDecode
p38	4532x1554	placed 3263x1118pt	visible 14% of placement, 100% of page	CLIPPED		/DCTDecode
p38	4520x1549	placed 3254x1115pt	visible 14% of placement, 100% of page	CLIPPED		/FlateDecode
p38	469x264	placed 337x190pt	visible 100% of placement, 13% of page		smask	/DCTDecode
p38	469x264	placed 337x190pt	visible 100% of placement, 13% of page		smask	/DCTDecode
p38	469x264	placed 337x190pt	visible 100% of placement, 13% of page		smask	/DCTDecode
p38	469x264	placed 337x190pt	visible 94% of placement, 12% of page	CLIPPED	smask	/DCTDecode
p38	469x264	placed 337x190pt	visible 94% of placement, 12% of page	CLIPPED	smask	/DCTDecode
p38	469x264	placed 337x190pt	visible 94% of placement, 12% of page	CLIPPED	smask	/DCTDecode
p39	4532x1554	placed 3263x1118pt	visible 2% of placement, 16% of page	CLIPPED		/DCTDecode
p39	4532x1554	placed 3263x1118pt	visible 2% of placement, 16% of page	CLIPPED		/DCTDecode
p39	4532x1554	placed 3263x1118pt	visible 13% of placement, 98% of page	CLIPPED		/DCTDecode
p39	1000x1243	placed 707x879pt	visible 81% of placement, 100% of page	CLIPPED	smask	/DCTDecode
p39	1935x1275	placed 963x888pt	visible 12% of placement, 20% of page	CLIPPED		/DCTDecode
p39	4520x1549	placed 3254x1115pt	visible 14% of placement, 100% of page	CLIPPED		/FlateDecode
p40	4532x1554	placed 3263x1118pt	visible 2% of placement, 16% of page	CLIPPED		/DCTDecode
p40	4532x1554	placed 3263x1118pt	visible 2% of placement, 16% of page	CLIPPED		/DCTDecode
p40	1935x1275	placed 963x888pt	visible 59% of placement, 100% of page	CLIPPED		/DCTDecode
p41	4532x1554	placed 3263x1118pt	visible 2% of placement, 16% of page	CLIPPED		/DCTDecode
p41	1935x1275	placed 963x888pt	visible 12% of placement, 20% of page	CLIPPED		/DCTDecode
p41	1935x1275	placed 963x888pt	visible 59% of placement, 100% of page	CLIPPED		/DCTDecode
p42	4532x1554	placed 3263x1118pt	visible 2% of placement, 16% of page	CLIPPED		/DCTDecode
p42	1935x1275	placed 963x888pt	visible 59% of placement, 100% of page	CLIPPED		/DCTDecode
p42	1935x1275	placed 963x888pt	visible 12% of placement, 20% of page	CLIPPED		/DCTDecode
p42	1935x1275	placed 963x888pt	visible 1% of placement, 2% of page	CLIPPED		/DCTDecode
p43	4532x1554	placed 3263x1118pt	visible 2% of placement, 15% of page	CLIPPED		/DCTDecode
p43	4532x1554	placed 3263x1118pt	visible 1% of placement, 11% of page	CLIPPED		/DCTDecode
p43	1935x1275	placed 963x888pt	visible 12% of placement, 20% of page	CLIPPED		/DCTDecode
p43	1935x1275	placed 963x888pt	visible 1% of placement, 2% of page	CLIPPED		/DCTDecode
p43	1935x1275	placed 963x888pt	visible 59% of placement, 100% of page	CLIPPED		/DCTDecode
p44	4532x1554	placed 3263x1118pt	visible 2% of placement, 16% of page	CLIPPED		/DCTDecode
p44	1935x1275	placed 963x888pt	visible 59% of placement, 100% of page	CLIPPED		/DCTDecode
p44	1935x1275	placed 963x888pt	visible 1% of placement, 2% of page	CLIPPED		/DCTDecode
p44	4532x1554	placed 3263x1118pt	visible 10% of placement, 70% of page	CLIPPED		/DCTDecode
p44	4520x1549	placed 3254x1115pt	visible 1% of placement, 11% of page	CLIPPED		/FlateDecode
p45	4532x1554	placed 3263x1118pt	visible 2% of placement, 16% of page	CLIPPED		/DCTDecode
p45	1935x1275	placed 963x888pt	visible 1% of placement, 2% of page	CLIPPED		/DCTDecode
p45	1194x1252	placed 859x901pt	visible 65% of placement, 100% of page	CLIPPED		/DCTDecode
p45	4532x1554	placed 3263x1118pt	visible 14% of placement, 100% of page	CLIPPED		/DCTDecode
p46	4532x1554	placed 3263x1118pt	visible 2% of placement, 16% of page	CLIPPED		/DCTDecode
p46	1194x1252	placed 859x901pt	visible 8% of placement, 12% of page	CLIPPED		/DCTDecode
p46	4532x1554	placed 3263x1118pt	visible 14% of placement, 100% of page	CLIPPED		/DCTDecode
p46	4520x1549	placed 3254x1115pt	visible 2% of placement, 16% of page	CLIPPED		/FlateDecode
TOTAL 247 placements, 190 clipped
